{"cameraMode":{"drawMode":0,"name":"Shaded","section":"Shading Mode"},"sceneLighting":false,"audioPlay":false,"sceneViewState":{"m_AlwaysRefresh":false,"showFog":true,"showSkybox":false,"showFlares":true,"showImageEffects":true,"showParticleSystems":true,"showVisualEffectGraphs":true,"m_FxEnabled":true},"in2DMode":false,"pivot":{"x":-9.027576446533204,"y":1.2240954637527466,"z":-0.4861118793487549},"rotation":{"x":0.003795508062466979,"y":0.994493305683136,"z":0.03880493342876434,"w":-0.09727153927087784},"size":1.170861005783081,"orthographic":false}