{"cameraMode":{"drawMode":0,"name":"Shaded","section":"Shading Mode"},"sceneLighting":true,"audioPlay":false,"sceneViewState":{"m_AlwaysRefresh":false,"showFog":true,"showSkybox":true,"showFlares":true,"showImageEffects":true,"showParticleSystems":true,"showVisualEffectGraphs":true,"m_FxEnabled":true},"in2DMode":false,"pivot":{"x":-30.975475311279298,"y":-6.514103889465332,"z":85.79100036621094},"rotation":{"x":0.7248857617378235,"y":0.005166310351341963,"z":-0.005436745472252369,"w":0.6888285279273987},"size":57.11529541015625,"orthographic":true}